{"cameraMode":{"drawMode":0,"name":"Shaded","section":"Shading Mode"},"sceneLighting":false,"audioPlay":false,"sceneViewState":{"showFog":true,"showMaterialUpdate":false,"showSkybox":false,"showFlares":true,"showImageEffects":true,"showParticleSystems":true},"in2DMode":false,"pivot":{"x":0.2654331922531128,"y":1.998242735862732,"z":2.9203901290893556},"rotation":{"x":-0.0019084061495959759,"y":0.9818196296691895,"z":-0.18964748084545136,"w":-0.010017697699368},"size":3.8562052249908449,"orthographic":false}