{"cameraMode":{"drawMode":0,"name":"Shaded","section":"Shading Mode"},"sceneLighting":true,"audioPlay":false,"sceneViewState":{"showFog":true,"showMaterialUpdate":false,"showSkybox":true,"showFlares":true,"showImageEffects":true,"showParticleSystems":true},"in2DMode":false,"pivot":{"x":-2.1114747524261476,"y":-0.08711457252502442,"z":-5.435971260070801},"rotation":{"x":0.09869417548179627,"y":0.9010279178619385,"z":-0.28644827008247378,"w":0.3104378283023834},"size":6.316522121429443,"orthographic":false}